YYYY-MM,	flow_cms,	fraction_gauged,	total_gauges
1900-01,	 NaN,	0.000,	 0.00
1900-02,	 NaN,	0.000,	 0.00
1900-03,	 NaN,	0.000,	 0.00
1900-04,	 NaN,	0.000,	 0.00
1900-05,	 NaN,	0.000,	 0.00
1900-06,	 NaN,	0.000,	 0.00
1900-07,	 NaN,	0.000,	 0.00
1900-08,	 NaN,	0.000,	 0.00
1900-09,	 NaN,	0.000,	 0.00
1900-10,	 274,	0.184,	 1.00
1900-11,	 420,	0.184,	 1.00
1900-12,	1439,	0.184,	 1.00
1901-01,	 822,	0.184,	 1.00
1901-02,	 551,	0.184,	 1.00
1901-03,	1426,	0.184,	 1.00
1901-04,	2812,	0.184,	 1.00
1901-05,	1647,	0.184,	 1.00
1901-06,	1083,	0.184,	 1.00
1901-07,	 665,	0.184,	 1.00
1901-08,	 422,	0.184,	 1.00
1901-09,	 465,	0.184,	 1.00
1901-10,	 468,	0.184,	 1.00
1901-11,	 551,	0.184,	 1.00
1901-12,	1351,	0.184,	 1.00
1902-01,	1308,	0.184,	 1.00
1902-02,	 937,	0.184,	 1.00
1902-03,	2783,	0.184,	 1.00
1902-04,	1853,	0.184,	 1.00
1902-05,	 986,	0.184,	 1.00
1902-06,	 933,	0.184,	 1.00
1902-07,	1209,	0.184,	 1.00
1902-08,	1050,	0.184,	 1.00
1902-09,	 459,	0.184,	 1.00
1902-10,	 698,	0.184,	 1.00
1902-11,	 870,	0.184,	 1.00
1902-12,	 768,	0.184,	 1.00
1903-01,	1376,	0.184,	 1.00
1903-02,	1489,	0.184,	 1.00
1903-03,	2546,	0.184,	 1.00
1903-04,	2443,	0.184,	 1.00
1903-05,	 982,	0.184,	 1.00
1903-06,	 675,	0.184,	 1.00
1903-07,	 638,	0.184,	 1.00
1903-08,	 526,	0.184,	 1.00
1903-09,	 651,	0.184,	 1.00
1903-10,	1191,	0.184,	 1.00
1903-11,	1219,	0.184,	 1.00
1903-12,	 961,	0.184,	 1.00
1904-01,	1198,	0.184,	 1.00
1904-02,	1885,	0.184,	 1.00
1904-03,	3287,	0.184,	 1.00
1904-04,	4316,	0.267,	 1.90
1904-05,	2521,	0.276,	 2.00
1904-06,	1186,	0.276,	 2.00
1904-07,	 666,	0.276,	 2.00
1904-08,	 510,	0.276,	 2.00
1904-09,	 480,	0.276,	 2.00
1904-10,	 662,	0.276,	 2.00
1904-11,	 625,	0.276,	 2.00
1904-12,	 656,	0.276,	 2.00
1905-01,	1159,	0.264,	 1.87
1905-02,	 588,	0.184,	 1.00
1905-03,	1836,	0.225,	 1.45
1905-04,	2435,	0.276,	 2.00
1905-05,	 949,	0.276,	 2.00
1905-06,	 953,	0.276,	 2.00
1905-07,	 855,	0.276,	 2.00
1905-08,	 594,	0.276,	 2.00
1905-09,	 591,	0.276,	 2.00
1905-10,	 534,	0.276,	 2.00
1905-11,	 818,	0.276,	 2.00
1905-12,	1115,	0.276,	 2.00
1906-01,	1296,	0.276,	 2.00
1906-02,	1394,	0.276,	 2.00
1906-03,	1157,	0.276,	 2.00
1906-04,	1766,	0.276,	 2.00
1906-05,	1455,	0.276,	 2.00
1906-06,	1015,	0.276,	 2.00
1906-07,	 736,	0.276,	 2.00
1906-08,	 488,	0.276,	 2.00
1906-09,	 324,	0.276,	 2.00
1906-10,	 590,	0.276,	 2.00
1906-11,	 849,	0.276,	 2.00
1906-12,	1368,	0.276,	 2.00
1907-01,	2862,	0.276,	 2.00
1907-02,	 939,	0.184,	 1.00
1907-03,	1576,	0.231,	 1.52
1907-04,	1915,	0.276,	 2.00
1907-05,	1273,	0.199,	 1.58
1907-06,	 626,	0.245,	 1.83
1907-07,	 596,	0.276,	 2.00
1907-08,	 384,	0.276,	 2.00
1907-09,	 264,	0.276,	 2.00
1907-10,	 428,	0.276,	 2.00
1907-11,	 968,	0.276,	 2.00
1907-12,	1380,	0.276,	 2.00
1908-01,	1922,	0.276,	 2.00
1908-02,	2328,	0.276,	 2.00
1908-03,	3011,	0.276,	 2.00
1908-04,	2298,	0.233,	 1.77
1908-05,	2576,	0.276,	 2.00
1908-06,	1237,	0.276,	 2.00
1908-07,	 809,	0.276,	 2.00
1908-08,	 527,	0.276,	 2.00
1908-09,	 316,	0.276,	 2.00
1908-10,	 361,	0.264,	 1.87
1908-11,	 484,	0.254,	 1.77
1908-12,	 416,	0.261,	 1.84
1909-01,	 985,	0.261,	 1.84
1909-02,	1928,	0.263,	 1.86
1909-03,	2651,	0.264,	 1.87
1909-04,	3165,	0.276,	 2.00
1909-05,	2936,	0.276,	 2.00
1909-06,	1484,	0.276,	 2.00
1909-07,	 427,	0.276,	 2.00
1909-08,	 286,	0.276,	 2.00
1909-09,	 281,	0.276,	 2.00
1909-10,	 353,	0.276,	 2.00
1909-11,	 467,	0.276,	 2.00
1909-12,	 510,	0.276,	 2.00
1910-01,	1499,	0.276,	 2.00
1910-02,	1949,	0.276,	 2.00
1910-03,	4412,	0.276,	 2.00
1910-04,	1724,	0.276,	 2.00
1910-05,	1042,	0.276,	 2.00
1910-06,	 653,	0.276,	 2.00
1910-07,	 231,	0.276,	 2.00
1910-08,	 173,	0.276,	 2.00
1910-09,	 194,	0.276,	 2.00
1910-10,	 168,	0.276,	 2.00
1910-11,	 551,	0.276,	 2.00
1910-12,	 588,	0.273,	 1.97
1911-01,	1350,	0.276,	 2.00
1911-02,	1106,	0.276,	 2.00
1911-03,	1503,	0.276,	 2.00
1911-04,	2878,	0.276,	 2.00
1911-05,	1335,	0.276,	 2.00
1911-06,	 683,	0.276,	 2.00
1911-07,	 369,	0.276,	 2.00
1911-08,	 229,	0.276,	 2.00
1911-09,	 360,	0.276,	 2.00
1911-10,	 515,	0.276,	 2.00
1911-11,	 924,	0.276,	 2.00
1911-12,	1560,	0.276,	 2.00
1912-01,	1082,	0.276,	 2.00
1912-02,	 595,	0.276,	 2.00
1912-03,	1490,	0.276,	 2.00
1912-04,	3877,	0.276,	 2.00
1912-05,	2003,	0.276,	 2.00
1912-06,	1026,	0.276,	 2.00
1912-07,	 352,	0.276,	 2.00
1912-08,	 247,	0.276,	 2.00
1912-09,	 475,	0.276,	 2.00
1912-10,	 743,	0.276,	 2.00
1912-11,	 885,	0.276,	 2.00
1912-12,	1317,	0.276,	 2.00
1913-01,	 908,	0.092,	 1.00
1913-02,	 173,	0.092,	 1.00
1913-03,	1029,	0.092,	 1.00
1913-04,	 530,	0.092,	 1.00
1913-05,	 286,	0.092,	 1.00
1913-06,	 109,	0.092,	 1.00
1913-07,	  36,	0.092,	 1.00
1913-08,	  24,	0.092,	 1.00
1913-09,	  20,	0.092,	 1.00
1913-10,	  35,	0.092,	 1.00
1913-11,	 115,	0.092,	 1.00
1913-12,	  59,	0.092,	 1.00
1914-01,	 141,	0.092,	 1.00
1914-02,	 305,	0.092,	 1.00
1914-03,	 648,	0.044,	 0.48
1914-04,	 893,	0.092,	 1.00
1914-05,	 674,	0.092,	 1.00
1914-06,	 101,	0.092,	 1.00
1914-07,	  41,	0.092,	 1.00
1914-08,	  67,	0.092,	 1.00
1914-09,	  79,	0.092,	 1.00
1914-10,	  39,	0.092,	 1.00
1914-11,	  50,	0.092,	 1.00
1914-12,	  78,	0.092,	 1.00
1915-01,	 322,	0.092,	 1.00
1915-02,	 801,	0.092,	 1.00
1915-03,	 252,	0.092,	 1.00
1915-04,	 256,	0.092,	 1.00
1915-05,	 117,	0.092,	 1.00
1915-06,	  49,	0.092,	 1.00
1915-07,	 258,	0.092,	 1.00
1915-08,	 177,	0.092,	 1.00
1915-09,	  59,	0.092,	 1.00
1915-10,	 223,	0.133,	 2.00
1915-11,	 178,	0.175,	 3.00
1915-12,	 226,	0.175,	 3.00
1916-01,	 607,	0.175,	 3.00
1916-02,	 503,	0.175,	 3.00
1916-03,	 699,	0.175,	 3.00
1916-04,	2232,	0.175,	 3.00
1916-05,	1049,	0.175,	 3.00
1916-06,	1180,	0.195,	 3.27
1916-07,	 391,	0.251,	 4.00
1916-08,	 134,	0.251,	 4.00
1916-09,	  97,	0.251,	 4.00
1916-10,	 123,	0.251,	 4.00
1916-11,	 177,	0.251,	 4.00
1916-12,	 252,	0.251,	 4.00
1917-01,	 255,	0.251,	 4.00
1917-02,	 231,	0.251,	 4.00
1917-03,	1215,	0.251,	 4.00
1917-04,	1481,	0.251,	 4.00
1917-05,	 564,	0.251,	 4.00
1917-06,	 683,	0.251,	 4.00
1917-07,	 343,	0.251,	 4.00
1917-08,	 161,	0.251,	 4.00
1917-09,	 170,	0.251,	 4.00
1917-10,	 549,	0.251,	 4.00
1917-11,	 470,	0.251,	 4.00
1917-12,	 259,	0.251,	 4.00
1918-01,	 136,	0.251,	 4.00
1918-02,	 692,	0.251,	 4.00
1918-03,	1516,	0.251,	 4.00
1918-04,	1534,	0.251,	 4.00
1918-05,	 619,	0.251,	 4.00
1918-06,	 378,	0.251,	 4.00
1918-07,	 202,	0.251,	 4.00
1918-08,	 132,	0.251,	 4.00
1918-09,	 227,	0.251,	 4.00
1918-10,	 440,	0.159,	 3.00
1918-11,	 612,	0.159,	 3.00
1918-12,	 659,	0.159,	 3.00
1919-01,	 453,	0.159,	 3.00
1919-02,	 224,	0.159,	 3.00
1919-03,	 910,	0.159,	 3.00
1919-04,	1143,	0.159,	 3.00
1919-05,	 956,	0.159,	 3.00
1919-06,	 425,	0.159,	 3.00
1919-07,	 167,	0.159,	 3.00
1919-08,	  94,	0.159,	 3.00
1919-09,	 118,	0.159,	 3.00
1919-10,	 194,	0.159,	 3.00
1919-11,	 303,	0.159,	 3.00
1919-12,	 278,	0.159,	 3.00
1920-01,	 146,	0.251,	 4.00
1920-02,	 147,	0.251,	 4.00
1920-03,	1488,	0.251,	 4.00
1920-04,	1079,	0.251,	 4.00
1920-05,	 526,	0.251,	 4.00
1920-06,	 193,	0.251,	 4.00
1920-07,	 339,	0.288,	 4.45
1920-08,	 224,	0.333,	 5.00
1920-09,	 204,	0.333,	 5.00
1920-10,	 270,	0.333,	 5.00
1920-11,	 527,	0.333,	 5.00
1920-12,	1212,	0.333,	 5.00
1921-01,	 607,	0.333,	 5.00
1921-02,	 488,	0.333,	 5.00
1921-03,	2290,	0.333,	 5.00
1921-04,	1159,	0.333,	 5.00
1921-05,	 485,	0.333,	 5.00
1921-06,	 254,	0.333,	 5.00
1921-07,	 273,	0.333,	 5.00
1921-08,	 180,	0.333,	 5.00
1921-09,	 163,	0.333,	 5.00
1921-10,	 270,	0.333,	 5.00
1921-11,	 762,	0.333,	 5.00
1921-12,	 618,	0.333,	 5.00
1922-01,	 339,	0.333,	 5.00
1922-02,	 565,	0.333,	 5.00
1922-03,	1533,	0.333,	 5.00
1922-04,	2420,	0.333,	 5.00
1922-05,	 665,	0.333,	 5.00
1922-06,	 787,	0.333,	 5.00
1922-07,	 543,	0.333,	 5.00
1922-08,	 313,	0.333,	 5.00
1922-09,	 214,	0.333,	 5.00
1922-10,	 204,	0.333,	 5.00
1922-11,	 235,	0.333,	 5.00
1922-12,	 225,	0.333,	 5.00
1923-01,	 355,	0.333,	 5.00
1923-02,	 266,	0.333,	 5.00
1923-03,	1083,	0.333,	 5.00
1923-04,	1907,	0.333,	 5.00
1923-05,	 983,	0.333,	 5.00
1923-06,	 525,	0.333,	 5.00
1923-07,	 216,	0.333,	 5.00
1923-08,	 153,	0.333,	 5.00
1923-09,	 179,	0.333,	 5.00
1923-10,	 214,	0.333,	 5.00
1923-11,	 308,	0.333,	 5.00
1923-12,	 776,	0.333,	 5.00
1924-01,	 988,	0.333,	 5.00
1924-02,	 420,	0.333,	 5.00
1924-03,	 944,	0.333,	 5.00
1924-04,	2244,	0.333,	 5.00
1924-05,	1574,	0.333,	 5.00
1924-06,	 458,	0.333,	 5.00
1924-07,	 268,	0.333,	 5.00
1924-08,	 283,	0.333,	 5.00
1924-09,	 305,	0.333,	 5.00
1924-10,	 663,	0.333,	 5.00
1924-11,	 375,	0.333,	 5.00
1924-12,	 535,	0.333,	 5.00
1925-01,	 244,	0.333,	 5.00
1925-02,	1532,	0.333,	 5.00
1925-03,	1799,	0.333,	 5.00
1925-04,	1412,	0.333,	 5.00
1925-05,	 697,	0.333,	 5.00
1925-06,	 367,	0.333,	 5.00
1925-07,	 331,	0.333,	 5.00
1925-08,	 295,	0.333,	 5.00
1925-09,	 372,	0.333,	 5.00
1925-10,	 698,	0.333,	 5.00
1925-11,	1135,	0.333,	 5.00
1925-12,	 868,	0.333,	 5.00
1926-01,	 544,	0.333,	 5.00
1926-02,	 416,	0.333,	 5.00
1926-03,	 870,	0.333,	 5.00
1926-04,	2701,	0.333,	 5.00
1926-05,	1367,	0.333,	 5.00
1926-06,	 558,	0.333,	 5.00
1926-07,	 300,	0.333,	 5.00
1926-08,	 295,	0.333,	 5.00
1926-09,	 336,	0.333,	 5.00
1926-10,	 695,	0.333,	 5.00
1926-11,	1310,	0.291,	 4.00
1926-12,	 634,	0.291,	 4.00
1927-01,	 536,	0.291,	 4.00
1927-02,	 639,	0.291,	 4.00
1927-03,	1650,	0.291,	 4.00
1927-04,	 856,	0.291,	 4.00
1927-05,	 951,	0.291,	 4.00
1927-06,	 405,	0.291,	 4.00
1927-07,	 295,	0.291,	 4.00
1927-08,	 219,	0.291,	 4.00
1927-09,	 222,	0.291,	 4.00
1927-10,	 456,	0.291,	 4.00
1927-11,	1418,	0.291,	 4.00
1927-12,	1833,	0.291,	 4.00
1928-01,	1096,	0.291,	 4.00
1928-02,	 742,	0.291,	 4.00
1928-03,	1253,	0.291,	 4.00
1928-04,	2042,	0.291,	 4.00
1928-05,	 878,	0.291,	 4.00
1928-06,	 656,	0.291,	 4.00
1928-07,	 401,	0.291,	 4.00
1928-08,	 406,	0.291,	 4.00
1928-09,	 312,	0.291,	 4.00
1928-10,	 534,	0.291,	 4.00
1928-11,	 689,	0.291,	 4.00
1928-12,	 852,	0.291,	 4.00
1929-01,	1020,	0.291,	 4.00
1929-02,	 451,	0.291,	 4.00
1929-03,	1763,	0.291,	 4.00
1929-04,	1856,	0.291,	 4.00
1929-05,	1448,	0.291,	 4.00
1929-06,	 418,	0.291,	 4.00
1929-07,	 351,	0.291,	 4.00
1929-08,	 304,	0.291,	 4.00
1929-09,	 257,	0.291,	 4.00
1929-10,	 439,	0.291,	 4.00
1929-11,	 542,	0.291,	 4.00
1929-12,	 594,	0.291,	 4.00
1930-01,	1646,	0.291,	 4.00
1930-02,	 889,	0.291,	 4.00
1930-03,	1406,	0.291,	 4.00
1930-04,	1583,	0.291,	 4.00
1930-05,	 730,	0.291,	 4.00
1930-06,	 483,	0.291,	 4.00
1930-07,	 314,	0.291,	 4.00
1930-08,	 211,	0.291,	 4.00
1930-09,	 205,	0.291,	 4.00
1930-10,	 209,	0.291,	 4.00
1930-11,	 196,	0.291,	 4.00
1930-12,	 240,	0.291,	 4.00
1931-01,	 186,	0.291,	 4.00
1931-02,	 224,	0.291,	 4.00
1931-03,	 614,	0.291,	 4.00
1931-04,	1302,	0.291,	 4.00
1931-05,	 907,	0.291,	 4.00
1931-06,	 395,	0.291,	 4.00
1931-07,	 299,	0.291,	 4.00
1931-08,	 206,	0.291,	 4.00
1931-09,	 277,	0.291,	 4.00
1931-10,	 300,	0.291,	 4.00
1931-11,	 529,	0.291,	 4.00
1931-12,	 712,	0.291,	 4.00
1932-01,	1247,	0.291,	 4.00
1932-02,	 944,	0.291,	 4.00
1932-03,	 630,	0.291,	 4.00
1932-04,	2238,	0.291,	 4.00
1932-05,	 911,	0.291,	 4.00
1932-06,	 301,	0.291,	 4.00
1932-07,	 388,	0.291,	 4.00
1932-08,	 263,	0.291,	 4.00
1932-09,	 219,	0.291,	 4.00
1932-10,	 658,	0.291,	 4.00
1932-11,	 887,	0.291,	 4.00
1932-12,	 626,	0.291,	 4.00
1933-01,	 747,	0.291,	 4.00
1933-02,	 470,	0.291,	 4.00
1933-03,	 843,	0.291,	 4.00
1933-04,	1999,	0.291,	 4.00
1933-05,	 801,	0.291,	 4.00
1933-06,	 352,	0.291,	 4.00
1933-07,	 187,	0.291,	 4.00
1933-08,	 178,	0.291,	 4.00
1933-09,	 169,	0.291,	 4.00
1933-10,	 194,	0.291,	 4.00
1933-11,	 391,	0.475,	 5.00
1933-12,	 735,	0.475,	 5.00
1934-01,	 916,	0.475,	 5.00
1934-02,	 446,	0.475,	 5.00
1934-03,	1241,	0.475,	 5.00
1934-04,	2330,	0.475,	 5.00
1934-05,	 657,	0.475,	 5.00
1934-06,	 366,	0.475,	 5.00
1934-07,	 238,	0.475,	 5.00
1934-08,	 184,	0.475,	 5.00
1934-09,	 214,	0.475,	 5.00
1934-10,	 284,	0.475,	 5.00
1934-11,	 471,	0.475,	 5.00
1934-12,	 620,	0.475,	 5.00
1935-01,	1168,	0.475,	 5.00
1935-02,	 778,	0.475,	 5.00
1935-03,	1577,	0.475,	 5.00
1935-04,	1566,	0.475,	 5.00
1935-05,	1415,	0.475,	 5.00
1935-06,	 821,	0.475,	 5.00
1935-07,	1111,	0.475,	 5.00
1935-08,	 525,	0.475,	 5.00
1935-09,	 396,	0.475,	 5.00
1935-10,	 391,	0.475,	 5.00
1935-11,	 698,	0.475,	 5.00
1935-12,	 843,	0.475,	 5.00
1936-01,	 713,	0.475,	 5.00
1936-02,	 660,	0.475,	 5.00
1936-03,	3559,	0.475,	 5.00
1936-04,	2870,	0.475,	 5.00
1936-05,	1166,	0.475,	 5.00
1936-06,	 440,	0.475,	 5.00
1936-07,	 256,	0.475,	 5.00
1936-08,	 211,	0.475,	 5.00
1936-09,	 315,	0.475,	 5.00
1936-10,	 622,	0.475,	 5.00
1936-11,	 911,	0.475,	 5.00
1936-12,	 814,	0.475,	 5.00
1937-01,	2089,	0.475,	 5.00
1937-02,	1342,	0.475,	 5.00
1937-03,	 898,	0.475,	 5.00
1937-04,	2506,	0.475,	 5.00
1937-05,	1752,	0.475,	 5.00
1937-06,	 842,	0.475,	 5.00
1937-07,	 465,	0.475,	 5.00
1937-08,	 417,	0.475,	 5.00
1937-09,	 323,	0.475,	 5.00
1937-10,	 491,	0.475,	 5.00
1937-11,	1071,	0.475,	 5.00
1937-12,	 967,	0.475,	 5.00
1938-01,	 855,	0.475,	 5.00
1938-02,	1994,	0.475,	 5.00
1938-03,	2352,	0.475,	 5.00
1938-04,	1682,	0.475,	 5.00
1938-05,	 790,	0.475,	 5.00
1938-06,	 454,	0.475,	 5.00
1938-07,	 391,	0.475,	 5.00
1938-08,	 384,	0.475,	 5.00
1938-09,	 706,	0.475,	 5.00
1938-10,	 511,	0.475,	 5.00
1938-11,	 594,	0.475,	 5.00
1938-12,	 826,	0.475,	 5.00
1939-01,	 738,	0.475,	 5.00
1939-02,	 981,	0.475,	 5.00
1939-03,	1906,	0.475,	 5.00
1939-04,	2637,	0.475,	 5.00
1939-05,	1014,	0.475,	 5.00
1939-06,	 456,	0.475,	 5.00
1939-07,	 297,	0.475,	 5.00
1939-08,	 242,	0.475,	 5.00
1939-09,	 228,	0.475,	 5.00
1939-10,	 280,	0.475,	 5.00
1939-11,	 381,	0.475,	 5.00
1939-12,	 562,	0.475,	 5.00
1940-01,	 448,	0.475,	 5.00
1940-02,	 465,	0.475,	 5.00
1940-03,	 619,	0.475,	 5.00
1940-04,	4022,	0.475,	 5.00
1940-05,	1617,	0.475,	 5.00
1940-06,	 899,	0.475,	 5.00
1940-07,	 599,	0.475,	 5.00
1940-08,	 304,	0.475,	 5.00
1940-09,	 275,	0.475,	 5.00
1940-10,	 286,	0.475,	 5.00
1940-11,	 551,	0.475,	 5.00
1940-12,	1077,	0.475,	 5.00
1941-01,	1221,	0.475,	 5.00
1941-02,	 821,	0.475,	 5.00
1941-03,	 862,	0.475,	 5.00
1941-04,	2286,	0.475,	 5.00
1941-05,	 472,	0.475,	 5.00
1941-06,	 283,	0.475,	 5.00
1941-07,	 258,	0.475,	 5.00
1941-08,	 247,	0.475,	 5.00
1941-09,	 416,	0.475,	 5.00
1941-10,	 382,	0.475,	 5.00
1941-11,	 615,	0.475,	 5.00
1941-12,	 775,	0.475,	 5.00
1942-01,	 720,	0.475,	 5.00
1942-02,	 585,	0.475,	 5.00
1942-03,	2558,	0.475,	 5.00
1942-04,	2337,	0.475,	 5.00
1942-05,	 888,	0.475,	 5.00
1942-06,	 590,	0.475,	 5.00
1942-07,	 365,	0.475,	 5.00
1942-08,	 346,	0.475,	 5.00
1942-09,	 473,	0.475,	 5.00
1942-10,	 586,	0.475,	 5.00
1942-11,	1123,	0.475,	 5.00
1942-12,	1035,	0.475,	 5.00
1943-01,	1739,	0.475,	 5.00
1943-02,	1530,	0.475,	 5.00
1943-03,	2343,	0.475,	 5.00
1943-04,	2174,	0.475,	 5.00
1943-05,	3411,	0.475,	 5.00
1943-06,	1318,	0.475,	 5.00
1943-07,	 485,	0.475,	 5.00
1943-08,	 446,	0.475,	 5.00
1943-09,	 388,	0.475,	 5.00
1943-10,	 451,	0.475,	 5.00
1943-11,	1007,	0.475,	 5.00
1943-12,	 659,	0.475,	 5.00
1944-01,	 613,	0.475,	 5.00
1944-02,	 707,	0.475,	 5.00
1944-03,	1291,	0.475,	 5.00
1944-04,	2365,	0.475,	 5.00
1944-05,	1625,	0.475,	 5.00
1944-06,	 699,	0.475,	 5.00
1944-07,	 432,	0.479,	 5.00
1944-08,	 273,	0.541,	 5.00
1944-09,	 268,	0.541,	 5.00
1944-10,	 290,	0.541,	 5.00
1944-11,	 319,	0.541,	 5.00
1944-12,	 539,	0.541,	 5.00
1945-01,	 663,	0.541,	 5.00
1945-02,	 978,	0.541,	 5.00
1945-03,	3565,	0.541,	 5.00
1945-04,	1759,	0.541,	 5.00
1945-05,	1940,	0.541,	 5.00
1945-06,	 998,	0.541,	 5.00
1945-07,	 665,	0.541,	 5.00
1945-08,	 360,	0.541,	 5.00
1945-09,	 633,	0.541,	 5.00
1945-10,	1785,	0.692,	 9.00
1945-11,	1463,	0.692,	 9.00
1945-12,	1352,	0.573,	 6.00
1946-01,	1317,	0.541,	 5.00
1946-02,	 800,	0.541,	 5.00
1946-03,	2537,	0.692,	 9.00
1946-04,	 780,	0.692,	 9.00
1946-05,	 873,	0.692,	 9.00
1946-06,	 789,	0.692,	 9.00
1946-07,	 415,	0.692,	 9.00
1946-08,	 325,	0.692,	 9.00
1946-09,	 282,	0.692,	 9.00
1946-10,	 617,	0.692,	 9.00
1946-11,	 919,	0.692,	 9.00
1946-12,	1039,	0.692,	 9.00
1947-01,	1508,	0.660,	 8.00
1947-02,	1334,	0.622,	 7.00
1947-03,	1937,	0.626,	 7.16
1947-04,	4038,	0.692,	 9.00
1947-05,	2463,	0.692,	 9.00
1947-06,	2329,	0.692,	 9.00
1947-07,	 970,	0.692,	 9.00
1947-08,	 576,	0.692,	 9.00
1947-09,	 386,	0.692,	 9.00
1947-10,	 296,	0.692,	 9.00
1947-11,	 497,	0.692,	 9.00
1947-12,	 808,	0.692,	 9.00
1948-01,	 416,	0.588,	 6.29
1948-02,	 870,	0.548,	 5.21
1948-03,	3115,	0.692,	 9.00
1948-04,	2004,	0.692,	 9.00
1948-05,	1428,	0.692,	 9.00
1948-06,	 697,	0.692,	 9.00
1948-07,	 416,	0.692,	 9.00
1948-08,	 359,	0.692,	 9.00
1948-09,	 271,	0.692,	 9.00
1948-10,	 335,	0.692,	 9.00
1948-11,	 644,	0.692,	 9.00
1948-12,	 616,	0.692,	 9.00
1949-01,	1498,	0.692,	 9.00
1949-02,	1913,	0.692,	 9.00
1949-03,	1769,	0.692,	 9.00
1949-04,	1743,	0.692,	 9.00
1949-05,	 735,	0.692,	 9.00
1949-06,	 304,	0.692,	 9.00
1949-07,	 234,	0.692,	 9.00
1949-08,	 236,	0.692,	 9.00
1949-09,	 354,	0.692,	 9.00
1949-10,	 370,	0.692,	 9.00
1949-11,	 455,	0.692,	 9.00
1949-12,	1090,	0.692,	 9.00
1950-01,	1612,	0.692,	 9.00
1950-02,	 951,	0.692,	 9.00
1950-03,	2101,	0.692,	 9.00
1950-04,	3058,	0.692,	 9.00
1950-05,	 868,	0.692,	 9.00
1950-06,	 580,	0.692,	 9.00
1950-07,	 350,	0.692,	 9.00
1950-08,	 280,	0.692,	 9.00
1950-09,	 415,	0.692,	 9.00
1950-10,	 483,	0.692,	 9.00
1950-11,	1092,	0.692,	 9.00
1950-12,	1568,	0.692,	 9.00
1951-01,	1727,	0.692,	 9.00
1951-02,	1812,	0.692,	 9.00
1951-03,	2557,	0.692,	 9.00
1951-04,	3204,	0.692,	 9.00
1951-05,	 957,	0.692,	 9.00
1951-06,	 527,	0.692,	 9.00
1951-07,	 689,	0.692,	 9.00
1951-08,	 335,	0.692,	 9.00
1951-09,	 369,	0.692,	 9.00
1951-10,	 376,	0.692,	 9.00
1951-11,	 933,	0.692,	 9.00
1951-12,	1094,	0.692,	 9.00
1952-01,	1669,	0.692,	 9.00
1952-02,	1490,	0.692,	 9.00
1952-03,	2148,	0.692,	 9.00
1952-04,	2450,	0.692,	 9.00
1952-05,	1104,	0.692,	 9.00
1952-06,	 574,	0.692,	 9.00
1952-07,	 395,	0.692,	 9.00
1952-08,	 280,	0.692,	 9.00
1952-09,	 298,	0.692,	 9.00
1952-10,	 400,	0.692,	 9.00
1952-11,	 486,	0.692,	 9.00
1952-12,	1042,	0.692,	 9.00
1953-01,	 943,	0.692,	 9.00
1953-02,	1080,	0.692,	 9.00
1953-03,	1862,	0.692,	 9.00
1953-04,	1350,	0.692,	 9.00
1953-05,	1616,	0.692,	 9.00
1953-06,	 528,	0.692,	 9.00
1953-07,	 330,	0.692,	 9.00
1953-08,	 393,	0.692,	 9.00
1953-09,	 336,	0.692,	 9.00
1953-10,	 302,	0.692,	 9.00
1953-11,	 373,	0.692,	 9.00
1953-12,	 805,	0.692,	 9.00
1954-01,	 615,	0.692,	 9.00
1954-02,	2019,	0.692,	 9.00
1954-03,	2069,	0.692,	 9.00
1954-04,	2789,	0.692,	 9.00
1954-05,	1488,	0.692,	 9.00
1954-06,	 589,	0.692,	 9.00
1954-07,	 297,	0.692,	 9.00
1954-08,	 256,	0.692,	 9.00
1954-09,	 407,	0.692,	 9.00
1954-10,	 728,	0.692,	 9.00
1954-11,	 898,	0.692,	 9.00
1954-12,	1291,	0.692,	 9.00
1955-01,	1154,	0.692,	 9.00
1955-02,	 823,	0.692,	 9.00
1955-03,	3006,	0.692,	 9.00
1955-04,	2518,	0.692,	 9.00
1955-05,	 619,	0.692,	 9.00
1955-06,	 431,	0.692,	 9.00
1955-07,	 235,	0.692,	 9.00
1955-08,	 239,	0.692,	 9.00
1955-09,	 223,	0.692,	 9.00
1955-10,	1040,	0.692,	 9.00
1955-11,	1304,	0.692,	 9.00
1955-12,	 916,	0.692,	 9.00
1956-01,	 592,	0.692,	 9.00
1956-02,	 840,	0.692,	 9.00
1956-03,	2383,	0.692,	 9.00
1956-04,	3535,	0.692,	 9.00
1956-05,	2201,	0.692,	 9.00
1956-06,	 906,	0.692,	 9.00
1956-07,	 419,	0.692,	 9.00
1956-08,	 359,	0.692,	 9.00
1956-09,	 602,	0.692,	 9.00
1956-10,	 382,	0.692,	 9.00
1956-11,	 468,	0.692,	 9.00
1956-12,	1118,	0.692,	 9.58
1957-01,	1207,	0.692,	10.00
1957-02,	1089,	0.692,	10.00
1957-03,	1575,	0.692,	10.00
1957-04,	1627,	0.693,	10.03
1957-05,	1047,	0.717,	10.55
1957-06,	 579,	0.717,	11.00
1957-07,	 489,	0.717,	11.00
1957-08,	 310,	0.729,	11.32
1957-09,	 320,	0.753,	12.00
1957-10,	 267,	0.790,	13.00
1957-11,	 465,	0.790,	13.00
1957-12,	1187,	0.790,	13.00
1958-01,	 666,	0.790,	13.00
1958-02,	 559,	0.790,	13.00
1958-03,	1782,	0.790,	13.00
1958-04,	2193,	0.790,	13.00
1958-05,	1001,	0.790,	13.00
1958-06,	 795,	0.790,	13.00
1958-07,	 459,	0.790,	13.48
1958-08,	 362,	0.790,	14.00
1958-09,	 666,	0.790,	14.00
1958-10,	 652,	0.790,	14.00
1958-11,	 847,	0.790,	14.00
1958-12,	 799,	0.790,	14.00
1959-01,	1136,	0.790,	14.00
1959-02,	1221,	0.790,	14.00
1959-03,	2073,	0.790,	14.00
1959-04,	3428,	0.790,	15.73
1959-05,	 888,	0.790,	16.00
1959-06,	 357,	0.790,	16.00
1959-07,	 341,	0.790,	16.00
1959-08,	 270,	0.790,	16.00
1959-09,	 276,	0.790,	16.00
1959-10,	 639,	0.790,	16.00
1959-11,	1069,	0.790,	16.00
1959-12,	1836,	0.790,	17.00
1960-01,	1247,	0.790,	17.00
1960-02,	1618,	0.790,	17.00
1960-03,	1247,	0.790,	17.00
1960-04,	4119,	0.790,	17.00
1960-05,	1491,	0.790,	17.00
1960-06,	 904,	0.790,	17.00
1960-07,	 346,	0.790,	17.00
1960-08,	 252,	0.790,	17.00
1960-09,	 212,	0.790,	16.03
1960-10,	 264,	0.790,	16.00
1960-11,	 408,	0.790,	16.00
1960-12,	 331,	0.790,	17.00
1961-01,	 290,	0.790,	17.00
1961-02,	 935,	0.790,	17.00
1961-03,	1846,	0.790,	17.00
1961-04,	2224,	0.790,	17.00
1961-05,	1370,	0.790,	17.00
1961-06,	 924,	0.790,	17.00
1961-07,	 495,	0.790,	17.00
1961-08,	 333,	0.790,	17.00
1961-09,	 286,	0.790,	17.00
1961-10,	 256,	0.790,	17.03
1961-11,	 501,	0.790,	18.00
1961-12,	 754,	0.790,	18.00
1962-01,	 763,	0.790,	18.00
1962-02,	 533,	0.790,	18.00
1962-03,	1691,	0.790,	18.00
1962-04,	2156,	0.790,	18.00
1962-05,	 747,	0.790,	18.00
1962-06,	 283,	0.790,	18.00
1962-07,	 231,	0.790,	18.00
1962-08,	 354,	0.790,	18.00
1962-09,	 302,	0.790,	18.00
1962-10,	 519,	0.790,	18.00
1962-11,	 762,	0.790,	18.00
1962-12,	 664,	0.790,	18.00
1963-01,	 415,	0.790,	18.00
1963-02,	 376,	0.790,	18.00
1963-03,	1975,	0.790,	18.00
1963-04,	2539,	0.790,	18.00
1963-05,	1083,	0.790,	18.00
1963-06,	 405,	0.790,	18.00
1963-07,	 235,	0.790,	18.00
1963-08,	 286,	0.790,	18.00
1963-09,	 232,	0.790,	18.00
1963-10,	 217,	0.971,	19.00
1963-11,	 363,	0.971,	19.00
1963-12,	 666,	0.971,	19.00
1964-01,	 885,	0.971,	19.00
1964-02,	 615,	0.971,	19.00
1964-03,	1930,	0.971,	19.00
1964-04,	1827,	0.971,	19.00
1964-05,	 887,	0.971,	19.00
1964-06,	 364,	0.971,	19.00
1964-07,	 244,	0.971,	19.00
1964-08,	 233,	0.971,	19.00
1964-09,	 191,	0.970,	18.97
1964-10,	 186,	0.934,	18.00
1964-11,	 249,	0.934,	18.00
1964-12,	 561,	0.934,	18.00
1965-01,	 560,	0.934,	18.00
1965-02,	1266,	0.934,	18.00
1965-03,	 972,	0.934,	18.00
1965-04,	2002,	0.934,	18.00
1965-05,	 823,	0.934,	18.00
1965-06,	 282,	0.934,	18.00
1965-07,	 216,	0.934,	18.00
1965-08,	 208,	0.934,	18.00
1965-09,	 270,	0.934,	18.00
1965-10,	 574,	0.934,	19.00
1965-11,	1037,	0.934,	19.00
1965-12,	1302,	0.934,	19.00
1966-01,	 953,	0.934,	19.00
1966-02,	1142,	0.934,	19.00
1966-03,	2166,	0.934,	19.00
1966-04,	1255,	0.934,	19.00
1966-05,	 820,	0.934,	19.00
1966-06,	 462,	0.934,	19.00
1966-07,	 197,	0.934,	19.00
1966-08,	 218,	0.934,	19.00
1966-09,	 261,	0.934,	19.00
1966-10,	 248,	0.934,	19.00
1966-11,	 502,	0.934,	19.00
1966-12,	1334,	0.934,	19.00
1967-01,	 912,	0.934,	19.00
1967-02,	 764,	0.934,	19.00
1967-03,	1012,	0.934,	19.00
1967-04,	1798,	0.934,	19.00
1967-05,	1097,	0.934,	19.00
1967-06,	 590,	0.934,	19.00
1967-07,	 608,	0.934,	19.00
1967-08,	 431,	0.934,	19.00
1967-09,	 381,	0.934,	19.00
1967-10,	 940,	0.934,	19.00
1967-11,	1822,	0.934,	19.00
1967-12,	1338,	0.934,	19.00
1968-01,	 802,	0.934,	19.00
1968-02,	1183,	0.934,	19.00
1968-03,	1799,	0.934,	19.00
1968-04,	1366,	0.934,	19.00
1968-05,	 786,	0.934,	19.00
1968-06,	 675,	0.934,	19.83
1968-07,	 493,	0.934,	20.00
1968-08,	 269,	0.934,	20.00
1968-09,	 361,	0.934,	20.00
1968-10,	 411,	0.934,	20.00
1968-11,	1232,	0.934,	19.70
1968-12,	1455,	0.934,	19.00
1969-01,	1263,	0.934,	19.00
1969-02,	1160,	0.934,	19.00
1969-03,	1281,	0.934,	19.00
1969-04,	2636,	0.934,	19.23
1969-05,	1794,	0.934,	20.00
1969-06,	 875,	0.934,	20.00
1969-07,	 463,	0.934,	20.00
1969-08,	 323,	0.934,	20.00
1969-09,	 215,	0.934,	20.00
1969-10,	 277,	0.934,	20.00
1969-11,	 720,	0.934,	20.00
1969-12,	 885,	0.934,	20.65
1970-01,	 581,	0.934,	21.00
1970-02,	 996,	0.934,	21.00
1970-03,	1261,	0.934,	21.00
1970-04,	2444,	0.934,	21.00
1970-05,	1008,	0.934,	21.00
1970-06,	 446,	0.934,	21.53
1970-07,	 461,	0.934,	22.00
1970-08,	 255,	0.934,	22.00
1970-09,	 353,	0.934,	22.00
1970-10,	 675,	0.934,	22.00
1970-11,	1164,	0.934,	22.00
1970-12,	1222,	0.934,	22.00
1971-01,	 808,	0.934,	22.00
1971-02,	 824,	0.934,	22.00
1971-03,	1862,	0.934,	22.00
1971-04,	3005,	0.934,	22.00
1971-05,	1707,	0.934,	22.00
1971-06,	 432,	0.934,	22.00
1971-07,	 341,	0.934,	22.00
1971-08,	 292,	0.934,	22.00
1971-09,	 356,	0.934,	22.00
1971-10,	 299,	0.934,	22.00
1971-11,	 408,	0.934,	22.00
1971-12,	 995,	0.934,	22.00
1972-01,	 990,	0.934,	22.00
1972-02,	 683,	0.934,	22.00
1972-03,	1699,	0.934,	22.00
1972-04,	3058,	0.934,	22.00
1972-05,	2019,	0.934,	22.00
1972-06,	1499,	0.934,	22.00
1972-07,	1504,	0.934,	22.00
1972-08,	 601,	0.934,	22.00
1972-09,	 327,	0.934,	21.90
1972-10,	 556,	0.934,	20.06
1972-11,	1578,	0.934,	20.00
1972-12,	1903,	0.934,	20.00
1973-01,	1780,	0.934,	20.00
1973-02,	1444,	0.934,	20.00
1973-03,	2634,	0.934,	20.00
1973-04,	2236,	0.934,	20.17
1973-05,	1288,	0.934,	21.00
1973-06,	 764,	0.934,	21.00
1973-07,	 330,	0.934,	21.19
1973-08,	 283,	0.934,	22.00
1973-09,	 286,	0.934,	22.00
1973-10,	 346,	0.934,	22.00
1973-11,	 815,	0.934,	22.00
1973-12,	1505,	0.934,	22.00
1974-01,	1492,	0.934,	22.00
1974-02,	1206,	0.934,	22.00
1974-03,	1647,	0.934,	22.13
1974-04,	2610,	0.934,	23.00
1974-05,	1791,	0.934,	23.00
1974-06,	 655,	0.934,	23.00
1974-07,	 511,	0.934,	23.00
1974-08,	 383,	0.934,	23.00
1974-09,	 371,	0.934,	23.00
1974-10,	 428,	0.934,	23.00
1974-11,	1007,	0.934,	23.00
1974-12,	1307,	0.934,	23.00
1975-01,	1258,	0.934,	23.00
1975-02,	1280,	0.934,	23.00
1975-03,	1962,	0.934,	23.00
1975-04,	2072,	0.934,	23.00
1975-05,	1108,	0.934,	22.10
1975-06,	 599,	0.934,	22.00
1975-07,	 293,	0.934,	22.68
1975-08,	 246,	0.934,	23.00
1975-09,	 696,	0.934,	23.00
1975-10,	 896,	0.934,	23.00
1975-11,	 909,	0.934,	23.00
1975-12,	1153,	0.934,	23.00
1976-01,	 918,	0.934,	23.00
1976-02,	2125,	0.934,	23.00
1976-03,	3173,	0.934,	23.00
1976-04,	2361,	0.934,	23.00
1976-05,	1868,	0.934,	23.00
1976-06,	 885,	0.934,	22.50
1976-07,	 734,	0.934,	22.00
1976-08,	 623,	0.934,	22.00
1976-09,	 504,	0.934,	22.00
1976-10,	1174,	0.934,	22.00
1976-11,	 915,	0.934,	22.67
1976-12,	 831,	0.934,	23.00
1977-01,	 535,	0.934,	23.00
1977-02,	 567,	0.934,	23.00
1977-03,	2893,	0.934,	23.00
1977-04,	2086,	0.934,	23.00
1977-05,	 641,	0.934,	23.00
1977-06,	 303,	0.934,	23.00
1977-07,	 346,	0.934,	23.00
1977-08,	 592,	0.934,	23.00
1977-09,	1111,	0.934,	23.00
1977-10,	1704,	0.934,	23.00
1977-11,	1683,	0.934,	23.00
1977-12,	2161,	0.934,	23.00
1978-01,	1710,	0.934,	22.03
1978-02,	1114,	0.934,	22.04
1978-03,	1712,	0.934,	22.00
1978-04,	3370,	0.934,	22.03
1978-05,	1271,	0.934,	22.03
1978-06,	 431,	0.934,	22.03
1978-07,	 223,	0.934,	22.03
1978-08,	 276,	0.934,	22.03
1978-09,	 387,	0.934,	22.07
1978-10,	 456,	0.934,	22.03
1978-11,	 526,	0.934,	22.03
1978-12,	 820,	0.934,	22.03
1979-01,	1429,	0.934,	21.06
1979-02,	 950,	0.934,	21.00
1979-03,	3193,	0.934,	21.00
1979-04,	2582,	0.934,	21.07
1979-05,	1013,	0.934,	21.03
1979-06,	 493,	0.934,	21.03
1979-07,	 237,	0.934,	21.03
1979-08,	 287,	0.934,	21.03
1979-09,	 628,	0.934,	21.13
1979-10,	 738,	0.934,	21.06
1979-11,	1144,	0.934,	21.10
1979-12,	1597,	0.934,	21.10
1980-01,	1001,	0.934,	22.03
1980-02,	 396,	0.934,	22.03
1980-03,	1793,	0.934,	22.06
1980-04,	2410,	0.934,	22.00
1980-05,	 801,	0.934,	22.00
1980-06,	 537,	0.934,	22.00
1980-07,	 439,	0.934,	22.00
1980-08,	 359,	0.934,	22.03
1980-09,	 381,	0.934,	22.03
1980-10,	 646,	0.934,	22.03
1980-11,	1036,	0.934,	22.03
1980-12,	1243,	0.934,	21.03
1981-01,	 521,	0.934,	21.03
1981-02,	2382,	0.934,	21.04
1981-03,	1394,	0.934,	21.00
1981-04,	1174,	0.934,	21.03
1981-05,	 848,	0.934,	21.35
1981-06,	 574,	0.934,	22.00
1981-07,	 439,	0.934,	22.00
1981-08,	 594,	0.934,	22.00
1981-09,	1052,	0.934,	22.00
1981-10,	1323,	0.934,	22.00
1981-11,	1630,	0.934,	22.00
1981-12,	 987,	0.934,	22.00
1982-01,	 844,	0.934,	22.00
1982-02,	 691,	0.934,	22.00
1982-03,	1918,	0.934,	22.00
1982-04,	2683,	0.934,	22.00
1982-05,	 778,	0.934,	22.00
1982-06,	1024,	0.934,	22.00
1982-07,	 430,	0.934,	22.00
1982-08,	 301,	0.934,	22.00
1982-09,	 412,	0.934,	22.00
1982-10,	 553,	0.934,	22.00
1982-11,	1260,	0.934,	22.00
1982-12,	1620,	0.934,	22.00
1983-01,	1098,	0.934,	22.00
1983-02,	1064,	0.934,	22.00
1983-03,	1091,	0.934,	22.00
1983-04,	1930,	0.934,	22.00
1983-05,	2045,	0.934,	22.00
1983-06,	 561,	0.934,	22.00
1983-07,	 224,	0.934,	22.00
1983-08,	 300,	0.934,	22.00
1983-09,	 243,	0.934,	22.00
1983-10,	 326,	0.934,	22.00
1983-11,	 883,	0.934,	22.00
1983-12,	1777,	0.934,	22.00
1984-01,	 704,	0.934,	22.00
1984-02,	2091,	0.934,	22.00
1984-03,	1641,	0.934,	22.00
1984-04,	2614,	0.934,	22.00
1984-05,	1668,	0.934,	22.00
1984-06,	 789,	0.934,	22.00
1984-07,	 382,	0.934,	22.00
1984-08,	 418,	0.934,	22.00
1984-09,	 519,	0.934,	22.00
1984-10,	 365,	0.934,	22.00
1984-11,	 655,	0.934,	22.00
1984-12,	1293,	0.934,	22.00
1985-01,	1305,	0.934,	22.00
1985-02,	1380,	0.934,	22.00
1985-03,	2409,	0.934,	22.00
1985-04,	1914,	0.934,	22.00
1985-05,	 643,	0.934,	22.00
1985-06,	 444,	0.934,	22.00
1985-07,	 285,	0.934,	22.00
1985-08,	 191,	0.934,	22.00
1985-09,	 521,	0.934,	22.00
1985-10,	 687,	0.934,	22.00
1985-11,	1777,	0.934,	22.00
1985-12,	1176,	0.934,	22.00
1986-01,	1168,	0.934,	22.00
1986-02,	1027,	0.934,	22.00
1986-03,	2200,	0.934,	22.00
1986-04,	1762,	0.934,	22.00
1986-05,	 742,	0.934,	22.00
1986-06,	 923,	0.934,	22.00
1986-07,	 517,	0.934,	22.00
1986-08,	 772,	0.934,	21.42
1986-09,	 911,	0.934,	22.00
1986-10,	1472,	0.934,	22.00
1986-11,	1116,	0.934,	22.00
1986-12,	1633,	0.934,	22.00
1987-01,	 905,	0.934,	22.00
1987-02,	 530,	0.934,	22.00
1987-03,	1692,	0.934,	22.00
1987-04,	2136,	0.934,	22.00
1987-05,	 436,	0.934,	22.00
1987-06,	 489,	0.934,	22.00
1987-07,	 403,	0.934,	22.00
1987-08,	 232,	0.934,	22.00
1987-09,	 445,	0.934,	22.00
1987-10,	 529,	0.934,	22.00
1987-11,	 885,	0.934,	22.00
1987-12,	1434,	0.934,	22.00
1988-01,	 716,	0.934,	22.00
1988-02,	 888,	0.934,	22.00
1988-03,	1254,	0.934,	22.00
1988-04,	1523,	0.934,	22.00
1988-05,	 856,	0.934,	22.00
1988-06,	 235,	0.934,	22.00
1988-07,	 230,	0.934,	22.00
1988-08,	 195,	0.934,	22.00
1988-09,	 250,	0.934,	22.00
1988-10,	 555,	0.934,	22.00
1988-11,	1194,	0.934,	22.00
1988-12,	 618,	0.934,	22.00
1989-01,	 573,	0.934,	22.00
1989-02,	 539,	0.934,	22.00
1989-03,	1100,	0.934,	22.00
1989-04,	1849,	0.934,	22.00
1989-05,	1552,	0.934,	22.00
1989-06,	1180,	0.934,	22.00
1989-07,	 366,	0.934,	22.00
1989-08,	 311,	0.934,	22.00
1989-09,	 470,	0.934,	22.00
1989-10,	 604,	0.971,	23.00
1989-11,	1341,	0.971,	23.00
1989-12,	 746,	0.971,	23.00
1990-01,	1369,	0.971,	23.00
1990-02,	1931,	0.971,	23.00
1990-03,	2181,	0.971,	23.00
1990-04,	2206,	0.971,	23.00
1990-05,	1748,	0.971,	23.00
1990-06,	 637,	0.971,	23.00
1990-07,	 371,	0.971,	23.00
1990-08,	 259,	0.971,	23.00
1990-09,	 232,	0.971,	23.00
1990-10,	 996,	0.971,	23.00
1990-11,	1112,	0.971,	23.00
1990-12,	1890,	0.971,	23.00
1991-01,	1724,	0.971,	23.00
1991-02,	1362,	0.971,	23.00
1991-03,	2395,	0.971,	23.00
1991-04,	2416,	0.971,	23.00
1991-05,	 920,	0.971,	23.00
1991-06,	 370,	0.971,	23.00
1991-07,	 186,	0.790,	22.00
1991-08,	 167,	0.790,	22.00
1991-09,	 199,	0.790,	22.00
1991-10,	 332,	0.790,	22.00
1991-11,	 424,	0.790,	22.00
1991-12,	 734,	0.790,	22.00
1992-01,	 884,	0.971,	23.00
1992-02,	 846,	0.971,	23.00
1992-03,	1662,	0.971,	23.00
1992-04,	2557,	0.971,	23.00
1992-05,	1159,	0.971,	23.00
1992-06,	 538,	0.971,	23.00
1992-07,	 770,	0.971,	23.00
1992-08,	 897,	0.971,	22.19
1992-09,	 894,	0.971,	22.00
1992-10,	 927,	0.971,	22.00
1992-11,	2016,	0.971,	22.87
1992-12,	1534,	0.971,	23.00
1993-01,	2245,	0.971,	23.00
1993-02,	 950,	0.971,	23.00
1993-03,	1366,	0.971,	23.00
1993-04,	4175,	0.971,	23.00
1993-05,	1339,	0.971,	23.00
1993-06,	 821,	0.971,	23.00
1993-07,	 330,	0.971,	23.00
1993-08,	 273,	0.971,	23.00
1993-09,	 385,	0.971,	23.00
1993-10,	 690,	0.971,	23.00
1993-11,	1062,	0.971,	23.00
1993-12,	1311,	0.971,	23.00
1994-01,	 630,	0.971,	23.52
1994-02,	 967,	0.971,	23.00
1994-03,	1643,	0.971,	23.23
1994-04,	3138,	0.971,	24.00
1994-05,	1296,	0.971,	24.00
1994-06,	 656,	0.971,	24.00
1994-07,	 438,	0.971,	24.00
1994-08,	 427,	0.971,	24.00
1994-09,	 350,	0.971,	24.00
1994-10,	 455,	0.971,	23.58
1994-11,	 967,	0.971,	23.77
1994-12,	1083,	0.971,	24.00
1995-01,	1711,	0.971,	24.00
1995-02,	 805,	0.971,	24.00
1995-03,	1496,	0.971,	24.00
1995-04,	 687,	0.971,	22.00
1995-05,	 569,	0.971,	22.00
1995-06,	 415,	0.971,	22.00
1995-07,	 246,	0.971,	22.00
1995-08,	 234,	0.971,	22.00
1995-09,	 249,	0.971,	22.00
1995-10,	 932,	0.971,	22.00
1995-11,	1657,	0.971,	22.00
1995-12,	 853,	0.825,	21.19
1996-01,	1579,	0.790,	21.00
1996-02,	1618,	0.790,	21.00
1996-03,	1305,	0.790,	21.00
1996-04,	2142,	0.790,	21.00
1996-05,	2131,	0.790,	21.00
1996-06,	 899,	0.790,	21.00
1996-07,	 587,	0.790,	21.00
1996-08,	 317,	0.790,	21.00
1996-09,	 476,	0.790,	21.00
1996-10,	 814,	0.790,	21.00
1996-11,	1510,	0.790,	21.00
1996-12,	1885,	0.790,	21.00
1997-01,	1287,	0.790,	21.00
1997-02,	1380,	0.790,	21.00
1997-03,	1955,	0.790,	21.00
1997-04,	1861,	0.790,	21.00
1997-05,	1132,	0.790,	21.00
1997-06,	 566,	0.790,	21.00
1997-07,	 315,	0.790,	21.00
1997-08,	 246,	0.790,	21.00
1997-09,	 311,	0.790,	21.00
1997-10,	 447,	0.790,	21.00
1997-11,	 934,	0.790,	21.00
1997-12,	 951,	0.790,	21.00
1998-01,	2277,	0.790,	21.00
1998-02,	1249,	0.790,	21.00
1998-03,	2083,	0.790,	21.00
1998-04,	1448,	0.790,	21.00
1998-05,	 662,	0.790,	21.00
1998-06,	 553,	0.790,	21.00
1998-07,	 673,	0.790,	21.00
1998-08,	 366,	0.790,	21.00
1998-09,	 328,	0.790,	21.00
1998-10,	 387,	0.790,	21.00
1998-11,	 412,	0.790,	21.00
1998-12,	 474,	0.790,	21.00
1999-01,	1012,	0.971,	22.00
1999-02,	1317,	0.971,	22.00
1999-03,	1455,	0.971,	22.00
1999-04,	1644,	0.971,	22.00
1999-05,	 510,	0.971,	22.00
1999-06,	 334,	0.971,	22.00
1999-07,	 368,	0.971,	22.00
1999-08,	 243,	0.971,	22.00
1999-09,	 355,	0.971,	22.00
1999-10,	 559,	0.971,	22.00
1999-11,	 832,	0.971,	22.00
1999-12,	1021,	0.971,	22.00
2000-01,	 922,	0.901,	21.61
2000-02,	 844,	0.797,	21.03
2000-03,	1644,	0.913,	21.68
2000-04,	2222,	0.971,	22.00
2000-05,	1990,	0.971,	22.00
2000-06,	1245,	0.971,	22.00
2000-07,	 694,	0.948,	21.87
2000-08,	 673,	0.971,	22.00
2000-09,	 480,	0.971,	22.00
2000-10,	 530,	0.971,	22.00
2000-11,	 694,	0.971,	22.00
2000-12,	1084,	0.971,	22.00
2001-01,	 670,	0.971,	22.00
2001-02,	1391,	0.971,	22.00
2001-03,	1502,	0.971,	22.00
2001-04,	2681,	0.971,	22.00
2001-05,	 731,	0.971,	22.00
2001-06,	 576,	0.971,	22.00
2001-07,	 322,	0.971,	22.00
2001-08,	 228,	0.971,	21.03
2001-09,	 386,	0.971,	21.23
2001-10,	 509,	0.971,	22.00
2001-11,	 672,	0.971,	22.00
2001-12,	1032,	0.971,	22.00
2002-01,	 866,	0.971,	22.00
2002-02,	1399,	0.971,	22.00
2002-03,	1637,	0.971,	22.00
2002-04,	2319,	0.971,	22.00
2002-05,	2025,	0.971,	22.00
2002-06,	1318,	0.971,	22.30
2002-07,	 405,	0.971,	23.00
2002-08,	 230,	0.971,	23.00
2002-09,	 269,	0.971,	23.00
2002-10,	 432,	0.971,	23.00
2002-11,	 708,	0.971,	23.00
2002-12,	 893,	0.971,	23.00
2003-01,	 871,	0.790,	22.00
2003-02,	 780,	0.790,	22.00
2003-03,	2385,	0.790,	22.00
2003-04,	2233,	0.790,	22.00
2003-05,	1556,	0.790,	22.00
2003-06,	1064,	0.790,	22.00
2003-07,	 410,	0.790,	22.00
2003-08,	 697,	0.790,	22.00
2003-09,	 391,	0.790,	22.00
2003-10,	 990,	0.790,	22.00
2003-11,	1886,	0.790,	22.00
2003-12,	2078,	0.790,	22.00
2004-01,	1309,	0.790,	22.00
2004-02,	 713,	0.790,	22.00
2004-03,	2258,	0.790,	22.00
2004-04,	2367,	0.790,	22.00
2004-05,	1712,	0.790,	22.32
2004-06,	 833,	0.790,	23.00
2004-07,	 723,	0.790,	23.00
2004-08,	 723,	0.790,	23.00
2004-09,	1554,	0.790,	23.00
2004-10,	 541,	0.790,	23.00
2004-11,	 930,	0.790,	23.00
2004-12,	1986,	0.790,	23.00
2005-01,	1962,	0.790,	23.00
2005-02,	1395,	0.790,	23.00
2005-03,	1378,	0.790,	23.00
2005-04,	2898,	0.790,	23.00
2005-05,	 870,	0.790,	23.00
2005-06,	 506,	0.790,	23.00
2005-07,	 449,	0.790,	23.00
2005-08,	 293,	0.790,	23.00
2005-09,	 701,	0.790,	23.00
2005-10,	1386,	0.790,	23.00
2005-11,	1626,	0.790,	23.00
2005-12,	1626,	0.790,	23.00
2006-01,	2151,	0.790,	23.00
2006-02,	1967,	0.790,	23.00
2006-03,	1679,	0.790,	23.00
2006-04,	1219,	0.790,	23.00
2006-05,	 729,	0.790,	23.00
2006-06,	 854,	0.790,	23.00
2006-07,	1132,	0.790,	23.00
2006-08,	 465,	0.790,	23.00
2006-09,	 731,	0.790,	23.00
2006-10,	1902,	0.790,	23.00
2006-11,	2263,	0.790,	23.00
2006-12,	2146,	0.790,	23.00
2007-01,	2110,	0.790,	23.00
2007-02,	 840,	0.790,	23.00
2007-03,	2495,	0.790,	23.00
2007-04,	2768,	0.790,	23.00
2007-05,	 971,	0.790,	23.00
2007-06,	 405,	0.790,	23.00
2007-07,	 336,	0.790,	23.00
2007-08,	 229,	0.790,	23.00
2007-09,	 218,	0.790,	23.00
2007-10,	 578,	0.790,	23.00
2007-11,	 946,	0.790,	22.60
2007-12,	1529,	0.790,	22.00
2008-01,	1858,	0.790,	22.00
2008-02,	1988,	0.790,	23.00
2008-03,	2188,	0.790,	23.00
2008-04,	3098,	0.790,	23.00
2008-05,	 836,	0.790,	23.00
2008-06,	 548,	0.790,	23.00
2008-07,	 677,	0.790,	22.97
2008-08,	 856,	0.790,	23.00
2008-09,	 437,	0.790,	23.00
2008-10,	 767,	0.790,	23.00
2008-11,	1355,	0.790,	23.00
2008-12,	2247,	0.790,	23.90
2009-01,	1407,	0.790,	24.00
2009-02,	1795,	0.790,	24.00
2009-03,	2381,	0.790,	24.00
2009-04,	2093,	0.790,	24.00
2009-05,	1212,	0.790,	24.00
2009-06,	 711,	0.790,	24.00
2009-07,	 734,	0.790,	24.00
2009-08,	 647,	0.790,	24.00
2009-09,	 349,	0.790,	24.00
2009-10,	 816,	0.790,	24.00
2009-11,	 821,	0.790,	24.00
2009-12,	1325,	0.790,	24.00
2010-01,	1250,	0.790,	24.00
2010-02,	 856,	0.790,	24.00
2010-03,	2131,	0.790,	24.00
2010-04,	 942,	0.790,	24.00
2010-05,	 723,	0.790,	24.00
2010-06,	 851,	0.790,	24.00
2010-07,	 622,	0.790,	24.00
2010-08,	 541,	0.790,	24.00
2010-09,	 432,	0.790,	23.97
2010-10,	1634,	0.790,	23.00
2010-11,	1139,	0.790,	23.00
2010-12,	1785,	0.790,	23.00
2011-01,	 859,	0.790,	23.00
2011-02,	1010,	0.790,	23.00
2011-03,	3318,	0.790,	23.00
2011-04,	3137,	0.790,	23.00
2011-05,	2935,	0.790,	23.00
2011-06,	 959,	0.790,	23.00
2011-07,	 367,	0.790,	22.00
2011-08,	 458,	0.790,	22.94
2011-09,	 635,	0.790,	23.00
2011-10,	1032,	0.790,	23.00
2011-11,	 989,	0.790,	23.00
2011-12,	1623,	0.790,	23.00
2012-01,	1593,	0.790,	23.00
2012-02,	1314,	0.790,	23.00
2012-03,	1594,	0.790,	23.00
2012-04,	 901,	0.790,	23.00
2012-05,	 980,	0.790,	23.00
2012-06,	 515,	0.790,	23.00
2012-07,	 239,	0.790,	23.00
2012-08,	 231,	0.790,	23.00
2012-09,	 308,	0.790,	23.00
2012-10,	 616,	0.790,	23.00
2012-11,	 655,	0.790,	23.00
2012-12,	1158,	0.790,	23.00
2013-01,	1359,	0.790,	23.00
2013-02,	1335,	0.790,	23.00
2013-03,	1534,	0.790,	23.00
2013-04,	2269,	0.790,	23.00
2013-05,	 833,	0.790,	23.00
2013-06,	1525,	0.790,	23.00
2013-07,	 954,	0.790,	23.00
2013-08,	 475,	0.790,	23.00
2013-09,	 421,	0.790,	23.00
2013-10,	 703,	0.790,	23.00
2013-11,	1447,	0.790,	23.00
2013-12,	1661,	0.790,	23.00
2014-01,	1641,	0.790,	23.00
2014-02,	 932,	0.790,	23.00
2014-03,	1282,	0.790,	23.00
2014-04,	3944,	0.790,	23.00
2014-05,	2011,	0.790,	23.00
2014-06,	1059,	0.790,	23.00
2014-07,	 650,	0.790,	23.00
2014-08,	 780,	0.790,	23.00
2014-09,	 415,	0.790,	23.00
2014-10,	 633,	0.790,	23.00
2014-11,	 928,	0.790,	23.00
2014-12,	1369,	0.790,	23.00
2015-01,	 921,	0.790,	23.00
2015-02,	 469,	0.790,	23.00
2015-03,	1073,	0.790,	23.00
2015-04,	2569,	0.790,	23.00
2015-05,	 685,	0.790,	23.00
2015-06,	1799,	0.790,	23.00
2015-07,	 933,	0.790,	23.00
2015-08,	 350,	0.790,	23.00
2015-09,	 303,	0.790,	23.00
2015-10,	 643,	0.790,	23.00
2015-11,	 812,	0.790,	23.00
2015-12,	1149,	0.790,	23.00
2016-01,	1357,	0.790,	23.00
2016-02,	1875,	0.790,	23.00
2016-03,	2104,	0.790,	23.00
2016-04,	1418,	0.790,	23.00
2016-05,	 674,	0.790,	23.00
2016-06,	 366,	0.790,	23.00
2016-07,	 230,	0.790,	23.00
2016-08,	 282,	0.790,	23.00
2016-09,	 234,	0.790,	23.00
2016-10,	 699,	0.790,	23.00
2016-11,	 738,	0.790,	23.00
2016-12,	1258,	0.790,	23.00
2017-01,	1769,	0.790,	23.00
2017-02,	1706,	0.790,	23.00
2017-03,	1890,	0.790,	23.00
2017-04,	3108,	0.790,	23.00
2017-05,	2428,	0.790,	23.00
2017-06,	1313,	0.790,	23.00
2017-07,	1301,	0.790,	23.00
2017-08,	 638,	0.790,	23.00
2017-09,	 410,	0.790,	23.00
2017-10,	 743,	0.790,	23.81
2017-11,	2252,	0.790,	24.00
2017-12,	1052,	0.790,	24.00
2018-01,	1990,	0.790,	24.00
2018-02,	2098,	0.790,	24.00
2018-03,	1593,	0.790,	24.00
2018-04,	2579,	0.790,	24.00
2018-05,	1243,	0.790,	24.00
2018-06,	 452,	0.790,	24.00
2018-07,	 378,	0.790,	24.00
2018-08,	 455,	0.790,	24.00
2018-09,	 388,	0.790,	24.00
2018-10,	 741,	0.790,	24.00
2018-11,	1695,	0.790,	24.00
2018-12,	1996,	0.790,	24.00
2019-01,	1543,	0.790,	24.00
2019-02,	1865,	0.790,	24.00
2019-03,	1746,	0.790,	24.00
2019-04,	2640,	0.790,	24.00
2019-05,	2138,	0.790,	24.00
2019-06,	1392,	0.790,	24.00
2019-07,	 605,	0.790,	24.00
2019-08,	 364,	0.790,	24.00
2019-09,	 399,	0.790,	24.00
2019-10,	 940,	0.790,	23.00
2019-11,	1600,	0.790,	23.00
2019-12,	1612,	0.790,	23.00
2020-01,	2106,	0.790,	23.00
2020-02,	1232,	0.790,	23.00
2020-03,	2400,	0.790,	23.00
2020-04,	1394,	0.790,	23.00
2020-05,	1196,	0.790,	23.00
2020-06,	 395,	0.790,	23.00
2020-07,	 380,	0.790,	23.00
2020-08,	 269,	0.790,	23.00
2020-09,	 204,	0.790,	23.00
2020-10,	 336,	0.790,	23.00
2020-11,	 599,	0.790,	23.00
2020-12,	1137,	0.790,	23.00
2021-01,	1015,	0.790,	22.00
2021-02,	 576,	0.790,	22.00
2021-03,	1610,	0.790,	22.00
2021-04,	1051,	0.790,	22.00
2021-05,	 977,	0.790,	22.00
2021-06,	 346,	0.790,	22.00
2021-07,	1089,	0.790,	22.00
2021-08,	 959,	0.790,	22.00
2021-09,	 634,	0.790,	22.00
2021-10,	1297,	0.790,	22.00
2021-11,	1673,	0.790,	22.00
2021-12,	1570,	0.790,	22.00
2022-01,	 883,	0.790,	22.00
2022-02,	1703,	0.790,	22.00
2022-03,	2593,	0.790,	22.00
2022-04,	1808,	0.790,	22.00
2022-05,	 862,	0.790,	22.00
2022-06,	 721,	0.790,	22.00
2022-07,	 356,	0.790,	22.00
2022-08,	 320,	0.790,	22.00
2022-09,	 523,	0.790,	22.00
2022-10,	 416,	0.790,	22.00
2022-11,	 972,	0.790,	22.00
2022-12,	1384,	0.790,	22.00
2023-01,	2314,	0.753,	17.00
2023-02,	1601,	0.753,	17.00
2023-03,	1772,	0.753,	17.00
2023-04,	2260,	0.753,	17.00
2023-05,	1209,	0.753,	17.00
2023-06,	 456,	0.753,	17.00
2023-07,	 572,	0.753,	17.00
2023-08,	1006,	0.753,	17.00
2023-09,	 362,	0.753,	17.00
2023-10,	 528,	0.753,	17.00
2023-11,	 742,	0.753,	17.00
2023-12,	1673,	0.753,	17.00
2024-01,	2001,	0.598,	 9.00
2024-02,	1557,	0.598,	 9.00
2024-03,	1620,	0.598,	 9.00
2024-04,	1866,	0.598,	 9.00
2024-05,	 790,	0.598,	 9.00
2024-06,	 639,	0.598,	 9.00
2024-07,	1085,	0.598,	 9.00
2024-08,	1305,	0.598,	 9.00
2024-09,	 NaN,	0.478,	 7.20
2024-10,	 NaN,	0.000,	 0.00
2024-11,	 NaN,	0.000,	 0.00
2024-12,	 NaN,	0.000,	 0.00
2025-01,	 NaN,	0.000,	 0.00
